Time,IgM,IgG1,IgG2,TH,TC,IFNg,IL2,IL12
0.0000,0.000000,0.000000,0.000000,0.714286,0.222222,0.000000,0.000000,0.000000
1.0000,3.347121,0.997006,0.000000,0.714286,0.222222,0.000000,0.000000,0.000000
2.0000,7.257158,2.237824,1.138318,1.011146,0.256193,1.518339,0.997060,16.647385
3.0000,13.014147,4.119849,4.628950,1.498992,0.333479,3.325205,1.865855,25.979682
4.0000,21.509107,6.951137,10.976377,2.188326,0.454463,5.450247,2.855822,31.049929
5.0000,34.026377,11.177675,21.384235,3.135583,0.634120,8.097922,4.097761,33.611328
6.0000,52.316748,17.414447,37.642309,4.405286,0.894470,11.452563,5.672872,34.664564
7.0000,78.622865,26.464102,62.134147,6.060563,1.262359,15.652098,7.621795,34.772821
8.0000,115.587295,39.301388,97.774699,8.148607,1.765718,20.741706,9.929109,34.242992
9.0000,165.954494,56.994161,147.766606,10.679211,2.426271,26.603942,12.494766,33.230561
10.0000,231.989291,80.532931,215.085097,13.598712,3.248099,32.880467,15.105872,31.802405
11.0000,314.621653,110.564868,301.676986,16.768015,4.204333,38.927344,17.431940,29.978772
12.0000,412.519509,147.085405,407.532144,19.960457,5.228682,43.870855,19.073545,27.767478
13.0000,521.522308,189.214279,530.007626,22.895102,6.221130,46.814961,19.678121,25.195734
14.0000,634.918600,235.208857,663.863358,25.304487,7.072096,47.157267,19.085322,22.335694
15.0000,744.701422,282.775925,802.193731,27.008198,7.695748,44.845050,17.412517,19.312511
16.0000,843.328688,329.565596,937.906978,27.952176,8.053494,40.393804,15.010477,16.286880
17.0000,925.188464,373.621081,1065.073882,28.196585,8.155452,34.657429,12.316452,13.419031
18.0000,987.237843,413.617823,1179.646081,27.870264,8.044443,28.515306,9.704636,10.833602
19.0000,1028.833814,448.876542,1279.497123,27.122544,7.775835,22.649999,7.409787,8.601646
20.0000,1051.114202,479.237101,1364.047005,26.091007,7.402848,17.472688,5.528279,6.742284
21.0000,1056.291225,504.890667,1433.763324,24.887286,6.969428,13.155289,4.059325,5.236253
22.0000,1047.064222,526.229979,1489.720058,23.594958,6.508594,9.704734,2.950930,4.042225
23.0000,1026.212697,543.739133,1533.280208,22.273161,6.043523,7.035660,2.133684,3.110275
24.0000,996.352133,557.922109,1565.901994,20.961855,5.589531,5.023942,1.539982,2.390786
25.0000,959.809607,569.261231,1589.042006,19.686814,5.156046,3.539617,1.112400,1.839239
26.0000,918.577426,578.195971,1604.121784,18.463702,4.748288,2.464019,0.805714,1.418108
27.0000,874.312927,585.114508,1612.522958,17.301174,4.368585,1.696776,0.585906,1.097037
28.0000,828.362919,590.352678,1615.578618,16.203167,4.017383,1.157094,0.428104,0.852138
29.0000,791.985689,597.187153,1633.339889,21.895158,6.094189,34.610910,22.069741,17.055333
30.0000,779.793591,610.234580,1672.045826,30.873617,9.630737,72.652217,38.781606,25.884416
31.0000,799.072675,632.244685,1737.803937,42.694980,14.807431,114.171879,54.784630,30.208503
32.0000,856.809290,666.054577,1838.953014,56.849259,21.675909,157.015168,69.728345,31.529153
33.0000,955.045975,713.203876,1980.058117,71.566945,29.505561,192.631506,79.805600,30.526257
34.0000,1084.745625,771.987496,2155.973281,83.869708,36.581990,207.977987,79.921092,27.515950
35.0000,1224.735118,836.857848,2350.019661,91.199551,41.111895,195.770425,68.760762,22.966231
36.0000,1350.844229,900.839984,2541.216345,93.225034,42.580481,162.738482,51.302559,17.766413
37.0000,1447.040151,958.788025,2714.043484,91.437946,41.740960,122.961719,34.232098,12.888171
38.0000,1508.151670,1008.412741,2861.522748,87.567049,39.621354,86.950710,21.143038,8.911541
39.0000,1536.189564,1049.453349,2982.729018,82.793959,36.954426,58.809102,12.428769,5.960033
40.0000,1536.244272,1082.625550,3079.628117,77.764879,34.145847,38.586989,7.093696,3.897940
41.0000,1514.067999,1108.971483,3155.120223,72.796333,31.394175,24.781222,3.986057,2.512153
42.0000,1475.007279,1129.554985,3212.125165,68.031585,28.788519,15.666397,2.227092,1.604029
43.0000,1423.642868,1145.342947,3253.242582,63.528051,26.363657,9.787990,1.246275,1.018618
44.0000,1363.739807,1157.171019,3280.697151,59.301740,24.127682,6.061649,0.702347,0.645224
45.0000,1298.316635,1165.743960,3296.431905,55.349348,22.075681,3.729849,0.400280,0.408619
46.0000,1229.750728,1171.648612,3302.270871,51.659184,20.196887,2.284593,0.231420,0.259232
47.0000,1159.886003,1175.370243,3300.061519,48.216437,18.478488,1.394956,0.136025,0.165034
48.0000,1090.130484,1177.308549,3291.695731,45.005594,16.907496,0.849942,0.081399,0.105601
49.0000,1021.540164,1177.791984,3278.977857,42.011477,15.471531,0.517132,0.049623,0.068019
50.0000,954.889190,1177.090081,3263.435037,39.219638,14.159088,0.314343,0.030821,0.044166
51.0000,890.727735,1175.423825,3246.204340,36.616484,12.959577,0.190955,0.019494,0.028948
52.0000,829.429268,1172.974301,3228.042647,34.189294,11.863296,0.115950,0.012547,0.019177
53.0000,771.228928,1169.889834,3209.412129,31.926185,10.861366,0.070386,0.008210,0.012854
54.0000,716.254530,1166.291885,3190.578400,29.816072,9.945669,0.042718,0.005455,0.008726
55.0000,664.551497,1162.279897,3171.688170,27.848614,9.108784,0.025923,0.003676,0.006003
56.0000,616.102850,1157.935267,3152.820496,26.014166,8.343929,0.015729,0.002510,0.004188
57.0000,574.060898,1154.268520,3142.615912,34.589453,12.877616,55.725439,34.523596,16.518746
58.0000,542.806034,1152.753286,3139.708900,48.390645,20.342888,119.913042,60.141192,25.389484
59.0000,524.279246,1154.231177,3145.804192,65.834861,30.793675,186.168627,82.578283,29.468792
60.0000,519.639728,1159.358972,3162.835813,85.005064,43.455314,245.504992,99.280746,30.169151
61.0000,527.328519,1168.014197,3190.424363,101.939071,55.621839,278.585045,103.178620,28.119044
62.0000,541.905369,1178.879322,3224.608080,112.496909,63.795015,269.782579,90.465348,23.883112
63.0000,556.155255,1189.969369,3259.419379,115.638376,66.594812,225.979748,67.270490,18.523780
64.0000,564.839715,1199.708664,3290.112571,113.429132,65.301593,169.617448,43.933418,13.313927
65.0000,566.005043,1207.375096,3314.495563,108.430926,61.838984,118.327193,26.255899,9.053396
66.0000,559.922092,1212.865956,3332.225886,102.326044,57.526629,78.777401,14.832559,5.930134
67.0000,547.794339,1216.365771,3343.811652,95.970473,53.044362,50.887548,8.098766,3.789779
68.0000,531.023915,1218.148900,3350.016000,89.749399,48.697848,32.215079,4.337941,2.383055
69.0000,510.907659,1218.492992,3351.594426,83.820602,44.611045,20.111967,2.302765,1.482696
70.0000,488.542754,1217.647923,3349.200948,78.238392,40.825005,12.434059,1.220504,0.916260
71.0000,464.817463,1215.827986,3343.370461,73.011412,37.343334,7.635527,0.649567,0.563913
72.0000,440.431904,1213.212902,3334.539341,68.129061,34.152949,4.667613,0.348724,0.346357
73.0000,415.926720,1209.951734,3323.089608,63.573430,31.234130,2.844934,0.189552,0.212652
74.0000,391.711356,1206.167401,3309.402143,59.324523,28.565495,1.730789,0.104634,0.130699
75.0000,368.089120,1201.960946,3293.892914,55.362395,26.126199,1.051764,0.058794,0.080519
76.0000,345.278439,1197.415272,3277.006402,51.667955,23.896735,0.638686,0.033684,0.049785
77.0000,323.430462,1192.598331,3259.169248,48.223214,21.859119,0.387676,0.019697,0.030932
78.0000,302.643463,1187.565774,3240.739121,45.011334,19.996865,0.235253,0.011760,0.019338
79.0000,282.974526,1182.363156,3221.980467,42.016587,18.294888,0.142735,0.007167,0.012181
80.0000,264.448981,1177.027755,3203.070263,39.224299,16.739396,0.086592,0.004456,0.007741
81.0000,247.067974,1171.590061,3184.118809,36.620785,15.317783,0.052529,0.002823,0.004970
82.0000,230.814525,1166.075006,3165.191688,34.193284,14.018526,0.031864,0.001821,0.003228
83.0000,215.658348,1160.502965,3146.326749,31.929897,12.831095,0.019328,0.001194,0.002124
84.0000,201.559668,1154.890587,3127.545420,29.819529,11.745864,0.011724,0.000795,0.001417
85.0000,188.472229,1149.251463,3108.859645,27.851835,10.754038,0.007111,0.000537,0.000960
86.0000,176.345644,1143.596687,3090.275955,26.017169,9.847577,0.004313,0.000367,0.000660
87.0000,165.127223,1137.935304,3071.797812,24.306537,9.019134,0.002616,0.000254,0.000461
88.0000,154.763371,1132.274681,3053.426925,22.711555,8.261995,0.001587,0.000178,0.000327
89.0000,145.200653,1126.620814,3035.164011,21.224404,7.570021,0.000962,0.000126,0.000236
90.0000,136.386586,1120.978576,3017.009212,19.837793,6.937605,0.000584,0.000090,0.000172
91.0000,128.270221,1115.351921,2998.962346,18.544926,6.359620,0.000354,0.000064,0.000128
92.0000,120.802549,1109.744047,2981.023039,17.339465,5.831381,0.000215,0.000047,0.000096
93.0000,113.936777,1104.157541,2963.190808,16.215500,5.348607,0.000130,0.000034,0.000073
94.0000,107.628503,1098.594480,2945.465107,15.167522,4.907385,0.000079,0.000025,0.000056
95.0000,101.835802,1093.056533,2927.845358,14.190394,4.504139,0.000048,0.000019,0.000043
96.0000,96.519261,1087.545030,2910.330959,13.279326,4.135600,0.000029,0.000014,0.000034
97.0000,91.641960,1082.061024,2892.921301,12.429851,3.798780,0.000018,0.000010,0.000027
98.0000,87.169420,1076.605342,2875.615770,11.637807,3.490950,0.000011,0.000008,0.000021
99.0000,83.069527,1071.178628,2858.413751,10.899309,3.209614,0.000006,0.000006,0.000017
100.0000,79.312437,1065.781372,2841.314627,10.210739,2.952493,0.000004,0.000004,0.000014
101.0000,75.870471,1060.413944,2824.317787,9.568720,2.717502,0.000002,0.000003,0.000011
102.0000,72.718000,1055.076610,2807.422620,8.970105,2.502736,0.000001,0.000003,0.000009
103.0000,69.831332,1049.769556,2790.628520,8.411961,2.306455,0.000001,0.000002,0.000007
104.0000,67.188591,1044.492900,2773.934881,7.891550,2.127067,0.000001,0.000002,0.000006
105.0000,64.769603,1039.246703,2757.341104,7.406323,1.963120,0.000000,0.000001,0.000005
106.0000,62.555781,1034.030985,2740.846590,6.953900,1.813283,0.000000,0.000001,0.000004
107.0000,60.530016,1028.845726,2724.450748,6.532063,1.676342,0.000000,0.000001,0.000003
108.0000,58.676574,1023.690879,2708.152986,6.138746,1.551188,0.000000,0.000001,0.000003
109.0000,56.980991,1018.566372,2691.952717,5.772019,1.436805,0.000000,0.000000,0.000002
110.0000,55.429981,1013.472114,2675.849360,5.430085,1.332267,0.000000,0.000000,0.000002
111.0000,54.011349,1008.407997,2659.842333,5.111267,1.236727,0.000000,0.000000,0.000002
112.0000,52.713904,1003.373901,2643.931060,4.814004,1.149410,0.000000,0.000000,0.000001
113.0000,51.527380,998.369696,2628.114969,4.536838,1.069608,0.000000,0.000000,0.000001
114.0000,50.442366,993.395244,2612.393491,4.278410,0.996674,0.000000,0.000000,0.000001
115.0000,49.450237,988.450399,2596.766060,4.037453,0.930018,0.000000,0.000000,0.000001
116.0000,48.543088,983.535013,2581.232112,3.812786,0.869099,0.000000,0.000000,0.000001
117.0000,47.713681,978.648930,2565.791088,3.603309,0.813423,0.000000,0.000000,0.000001
118.0000,46.955385,973.791993,2550.442434,3.407993,0.762539,0.000000,0.000000,0.000000
119.0000,46.262129,968.964044,2535.185595,3.225882,0.716035,0.000000,0.000000,0.000000
120.0000,45.628356,964.164921,2520.020024,3.056082,0.673533,0.000000,0.000000,0.000000
121.0000,45.048980,959.394461,2504.945174,2.897762,0.634689,0.000000,0.000000,0.000000
122.0000,44.519347,954.652502,2489.960502,2.750146,0.599189,0.000000,0.000000,0.000000
123.0000,44.035197,949.938878,2475.065468,2.612509,0.566744,0.000000,0.000000,0.000000
124.0000,43.592635,945.253428,2460.259538,2.484177,0.537091,0.000000,0.000000,0.000000
125.0000,43.188096,940.595985,2445.542177,2.364522,0.509991,0.000000,0.000000,0.000000
126.0000,42.818319,935.966387,2430.912856,2.252956,0.485223,0.000000,0.000000,0.000000
127.0000,42.480323,931.364470,2416.371048,2.148932,0.462587,0.000000,0.000000,0.000000
128.0000,42.171381,926.790070,2401.916229,2.051941,0.441899,0.000000,0.000000,0.000000
129.0000,41.888999,922.243026,2387.547880,1.961507,0.422991,0.000000,0.000000,0.000000
130.0000,41.630895,917.723174,2373.265483,1.877187,0.405711,0.000000,0.000000,0.000000
131.0000,41.394987,913.230355,2359.068523,1.798568,0.389919,0.000000,0.000000,0.000000
132.0000,41.179365,908.764407,2344.956491,1.725264,0.375485,0.000000,0.000000,0.000000
133.0000,40.982289,904.325170,2330.928876,1.656916,0.362294,0.000000,0.000000,0.000000
134.0000,40.802163,899.912485,2316.985176,1.593188,0.350238,0.000000,0.000000,0.000000
135.0000,40.637531,895.526195,2303.124888,1.533769,0.339220,0.000000,0.000000,0.000000
136.0000,40.487062,891.166141,2289.347512,1.478367,0.329150,0.000000,0.000000,0.000000
137.0000,40.349537,886.832167,2275.652553,1.426710,0.319947,0.000000,0.000000,0.000000
138.0000,40.223843,882.524118,2262.039517,1.378546,0.311536,0.000000,0.000000,0.000000
139.0000,40.108964,878.241839,2248.507916,1.333638,0.303849,0.000000,0.000000,0.000000
140.0000,40.003969,873.985175,2235.057260,1.291766,0.296823,0.000000,0.000000,0.000000
141.0000,39.908008,869.753974,2221.687067,1.252724,0.290403,0.000000,0.000000,0.000000
142.0000,39.820303,865.548084,2208.396856,1.216323,0.284534,0.000000,0.000000,0.000000
143.0000,39.740146,861.367352,2195.186146,1.182382,0.279171,0.000000,0.000000,0.000000
144.0000,39.666886,857.211630,2182.054464,1.150736,0.274270,0.000000,0.000000,0.000000
145.0000,39.599931,853.080767,2169.001336,1.121229,0.269790,0.000000,0.000000,0.000000
146.0000,39.538737,848.974614,2156.026292,1.093717,0.265696,0.000000,0.000000,0.000000
147.0000,39.482809,844.893025,2143.128865,1.068065,0.261954,0.000000,0.000000,0.000000
148.0000,39.431694,840.835851,2130.308591,1.044147,0.258535,0.000000,0.000000,0.000000
149.0000,39.384978,836.802948,2117.565008,1.021847,0.255409,0.000000,0.000000,0.000000
150.0000,39.342282,832.794169,2104.897658,1.001054,0.252553,0.000000,0.000000,0.000000
151.0000,39.303261,828.809371,2092.306085,0.981666,0.249942,0.000000,0.000000,0.000000
152.0000,39.267598,824.848410,2079.789835,0.963590,0.247556,0.000000,0.000000,0.000000
153.0000,39.235004,820.911143,2067.348457,0.946735,0.245376,0.000000,0.000000,0.000000
154.0000,39.205215,816.997430,2054.981504,0.931020,0.243383,0.000000,0.000000,0.000000
155.0000,39.177990,813.107128,2042.688531,0.916368,0.241562,0.000000,0.000000,0.000000
156.0000,39.153108,809.240098,2030.469095,0.902706,0.239897,0.000000,0.000000,0.000000
157.0000,39.130367,805.396201,2018.322756,0.889967,0.238376,0.000000,0.000000,0.000000
158.0000,39.109584,801.575298,2006.249076,0.878090,0.236986,0.000000,0.000000,0.000000
159.0000,39.090589,797.777252,1994.247622,0.867016,0.235715,0.000000,0.000000,0.000000
160.0000,39.073230,794.001925,1982.317961,0.856691,0.234554,0.000000,0.000000,0.000000
161.0000,39.057364,790.249183,1970.459664,0.847063,0.233492,0.000000,0.000000,0.000000
162.0000,39.042864,786.518891,1958.672304,0.838086,0.232522,0.000000,0.000000,0.000000
163.0000,39.029611,782.810912,1946.955455,0.829717,0.231636,0.000000,0.000000,0.000000
164.0000,39.017500,779.125115,1935.308698,0.821913,0.230826,0.000000,0.000000,0.000000
165.0000,39.006430,775.461367,1923.731612,0.814637,0.230085,0.000000,0.000000,0.000000
166.0000,38.996314,771.819535,1912.223780,0.807852,0.229408,0.000000,0.000000,0.000000
167.0000,38.987068,768.199489,1900.784789,0.801527,0.228790,0.000000,0.000000,0.000000
168.0000,38.978618,764.601098,1889.414226,0.795629,0.228225,0.000000,0.000000,0.000000
169.0000,38.970895,761.024233,1878.111682,0.790129,0.227708,0.000000,0.000000,0.000000
170.0000,38.963837,757.468764,1866.876750,0.785002,0.227236,0.000000,0.000000,0.000000
171.0000,38.957386,753.934565,1855.709027,0.780221,0.226804,0.000000,0.000000,0.000000
172.0000,38.951491,750.421507,1844.608108,0.775763,0.226410,0.000000,0.000000,0.000000
173.0000,38.946103,746.929465,1833.573596,0.771607,0.226050,0.000000,0.000000,0.000000
174.0000,38.941178,743.458312,1822.605093,0.767732,0.225720,0.000000,0.000000,0.000000
175.0000,38.936678,740.007924,1811.702204,0.764119,0.225419,0.000000,0.000000,0.000000
176.0000,38.932565,736.578176,1800.864536,0.760750,0.225144,0.000000,0.000000,0.000000
177.0000,38.928806,733.168945,1790.091700,0.757608,0.224892,0.000000,0.000000,0.000000
178.0000,38.925370,729.780108,1779.383307,0.754679,0.224663,0.000000,0.000000,0.000000
179.0000,38.922230,726.411543,1768.738972,0.751949,0.224453,0.000000,0.000000,0.000000
180.0000,38.919361,723.063129,1758.158312,0.749402,0.224261,0.000000,0.000000,0.000000
181.0000,38.916738,719.734745,1747.640946,0.747028,0.224085,0.000000,0.000000,0.000000
182.0000,38.914341,716.426272,1737.186495,0.744815,0.223925,0.000000,0.000000,0.000000
183.0000,38.912150,713.137590,1726.794583,0.742751,0.223778,0.000000,0.000000,0.000000
184.0000,38.910148,709.868582,1716.464836,0.740826,0.223644,0.000000,0.000000,0.000000
185.0000,38.908318,706.619128,1706.196881,0.739032,0.223522,0.000000,0.000000,0.000000
186.0000,38.906646,703.389113,1695.990350,0.737359,0.223410,0.000000,0.000000,0.000000
187.0000,38.905118,700.178420,1685.844875,0.735799,0.223308,0.000000,0.000000,0.000000
188.0000,38.903721,696.986934,1675.760090,0.734345,0.223214,0.000000,0.000000,0.000000
189.0000,38.902444,693.814539,1665.735633,0.732989,0.223129,0.000000,0.000000,0.000000
190.0000,38.901278,690.661121,1655.771143,0.731724,0.223051,0.000000,0.000000,0.000000
191.0000,38.900211,687.526568,1645.866260,0.730545,0.222980,0.000000,0.000000,0.000000
192.0000,38.899237,684.410765,1636.020629,0.729446,0.222914,0.000000,0.000000,0.000000
193.0000,38.898346,681.313601,1626.233895,0.728421,0.222855,0.000000,0.000000,0.000000
194.0000,38.897532,678.234965,1616.505705,0.727465,0.222800,0.000000,0.000000,0.000000
195.0000,38.896788,675.174745,1606.835710,0.726574,0.222751,0.000000,0.000000,0.000000
196.0000,38.896108,672.132831,1597.223561,0.725744,0.222705,0.000000,0.000000,0.000000
197.0000,38.895487,669.109114,1587.668912,0.724969,0.222664,0.000000,0.000000,0.000000
198.0000,38.894919,666.103486,1578.171420,0.724247,0.222626,0.000000,0.000000,0.000000
199.0000,38.894400,663.115837,1568.730742,0.723573,0.222591,0.000000,0.000000,0.000000
200.0000,38.893926,660.146060,1559.346538,0.722945,0.222559,0.000000,0.000000,0.000000
201.0000,38.893492,657.194048,1550.018471,0.722360,0.222530,0.000000,0.000000,0.000000
202.0000,38.893096,654.259696,1540.746205,0.721814,0.222504,0.000000,0.000000,0.000000
203.0000,38.892734,651.342897,1531.529406,0.721305,0.222479,0.000000,0.000000,0.000000
204.0000,38.892403,648.443546,1522.367742,0.720831,0.222457,0.000000,0.000000,0.000000
205.0000,38.892101,645.561540,1513.260883,0.720388,0.222437,0.000000,0.000000,0.000000
206.0000,38.891824,642.696773,1504.208502,0.719976,0.222419,0.000000,0.000000,0.000000
207.0000,38.891572,639.849144,1495.210273,0.719591,0.222402,0.000000,0.000000,0.000000
208.0000,38.891341,637.018549,1486.265871,0.719232,0.222386,0.000000,0.000000,0.000000
209.0000,38.891130,634.204888,1477.374975,0.718898,0.222372,0.000000,0.000000,0.000000
210.0000,38.890937,631.408057,1468.537265,0.718586,0.222359,0.000000,0.000000,0.000000
211.0000,38.890760,628.627957,1459.752422,0.718295,0.222347,0.000000,0.000000,0.000000
212.0000,38.890599,625.864488,1451.020131,0.718024,0.222337,0.000000,0.000000,0.000000
213.0000,38.890452,623.117551,1442.340076,0.717771,0.222327,0.000000,0.000000,0.000000
214.0000,38.890318,620.387045,1433.711946,0.717536,0.222318,0.000000,0.000000,0.000000
215.0000,38.890195,617.672873,1425.135430,0.717316,0.222310,0.000000,0.000000,0.000000
216.0000,38.890082,614.974938,1416.610218,0.717111,0.222302,0.000000,0.000000,0.000000
217.0000,38.889980,612.293142,1408.136005,0.716920,0.222295,0.000000,0.000000,0.000000
218.0000,38.889886,609.627388,1399.712485,0.716742,0.222289,0.000000,0.000000,0.000000
219.0000,38.889800,606.977581,1391.339354,0.716576,0.222283,0.000000,0.000000,0.000000
220.0000,38.889721,604.343626,1383.016312,0.716421,0.222278,0.000000,0.000000,0.000000
221.0000,38.889650,601.725426,1374.743059,0.716277,0.222273,0.000000,0.000000,0.000000
222.0000,38.889584,599.122889,1366.519297,0.716142,0.222269,0.000000,0.000000,0.000000
223.0000,38.889524,596.535920,1358.344729,0.716017,0.222265,0.000000,0.000000,0.000000
224.0000,38.889470,593.964427,1350.219062,0.715900,0.222261,0.000000,0.000000,0.000000
225.0000,38.889420,591.408317,1342.142003,0.715791,0.222258,0.000000,0.000000,0.000000
226.0000,38.889374,588.867497,1334.113262,0.715689,0.222255,0.000000,0.000000,0.000000
227.0000,38.889332,586.341876,1326.132548,0.715594,0.222252,0.000000,0.000000,0.000000
228.0000,38.889294,583.831364,1318.199575,0.715505,0.222249,0.000000,0.000000,0.000000
229.0000,38.889259,581.335870,1310.314058,0.715423,0.222247,0.000000,0.000000,0.000000
230.0000,38.889227,578.855304,1302.475712,0.715346,0.222245,0.000000,0.000000,0.000000
231.0000,38.889198,576.389576,1294.684256,0.715274,0.222243,0.000000,0.000000,0.000000
232.0000,38.889172,573.938599,1286.939408,0.715208,0.222241,0.000000,0.000000,0.000000
233.0000,38.889147,571.502284,1279.240890,0.715145,0.222240,0.000000,0.000000,0.000000
234.0000,38.889125,569.080543,1271.588425,0.715087,0.222238,0.000000,0.000000,0.000000
235.0000,38.889105,566.673288,1263.981738,0.715033,0.222237,0.000000,0.000000,0.000000
236.0000,38.889086,564.280434,1256.420553,0.714982,0.222235,0.000000,0.000000,0.000000
237.0000,38.889069,561.901895,1248.904601,0.714935,0.222234,0.000000,0.000000,0.000000
238.0000,38.889054,559.537583,1241.433608,0.714891,0.222233,0.000000,0.000000,0.000000
239.0000,38.889039,557.187415,1234.007308,0.714850,0.222232,0.000000,0.000000,0.000000
240.0000,38.889027,554.851306,1226.625432,0.714812,0.222231,0.000000,0.000000,0.000000
241.0000,38.889015,552.529172,1219.287714,0.714777,0.222231,0.000000,0.000000,0.000000
242.0000,38.889004,550.220928,1211.993891,0.714744,0.222230,0.000000,0.000000,0.000000
243.0000,38.888994,547.926493,1204.743700,0.714713,0.222229,0.000000,0.000000,0.000000
244.0000,38.888985,545.645783,1197.536880,0.714684,0.222229,0.000000,0.000000,0.000000
245.0000,38.888977,543.378716,1190.373172,0.714657,0.222228,0.000000,0.000000,0.000000
246.0000,38.888969,541.125211,1183.252317,0.714632,0.222228,0.000000,0.000000,0.000000
247.0000,38.888962,538.885187,1176.174059,0.714608,0.222227,0.000000,0.000000,0.000000
248.0000,38.888956,536.658562,1169.138143,0.714587,0.222227,0.000000,0.000000,0.000000
249.0000,38.888950,534.445257,1162.144317,0.714566,0.222226,0.000000,0.000000,0.000000
250.0000,38.888945,532.245193,1155.192328,0.714547,0.222226,0.000000,0.000000,0.000000
251.0000,38.888940,530.058289,1148.281926,0.714530,0.222226,0.000000,0.000000,0.000000
252.0000,38.888936,527.884467,1141.412862,0.714513,0.222225,0.000000,0.000000,0.000000
253.0000,38.888932,525.723649,1134.584889,0.714498,0.222225,0.000000,0.000000,0.000000
254.0000,38.888928,523.575757,1127.797762,0.714483,0.222225,0.000000,0.000000,0.000000
255.0000,38.888925,521.440714,1121.051235,0.714470,0.222225,0.000000,0.000000,0.000000
256.0000,38.888921,519.318443,1114.345066,0.714458,0.222224,0.000000,0.000000,0.000000
257.0000,38.888919,517.208868,1107.679014,0.714446,0.222224,0.000000,0.000000,0.000000
258.0000,38.888916,515.111912,1101.052838,0.714435,0.222224,0.000000,0.000000,0.000000
259.0000,38.888914,513.027500,1094.466300,0.714425,0.222224,0.000000,0.000000,0.000000
260.0000,38.888912,510.955557,1087.919164,0.714416,0.222224,0.000000,0.000000,0.000000
261.0000,38.888910,508.896008,1081.411192,0.714407,0.222224,0.000000,0.000000,0.000000
262.0000,38.888908,506.848780,1074.942152,0.714399,0.222223,0.000000,0.000000,0.000000
263.0000,38.888906,504.813798,1068.511809,0.714391,0.222223,0.000000,0.000000,0.000000
264.0000,38.888905,502.790990,1062.119933,0.714384,0.222223,0.000000,0.000000,0.000000
265.0000,38.888903,500.780282,1055.766293,0.714377,0.222223,0.000000,0.000000,0.000000
266.0000,38.888902,498.781603,1049.450661,0.714371,0.222223,0.000000,0.000000,0.000000
267.0000,38.888901,496.794879,1043.172810,0.714365,0.222223,0.000000,0.000000,0.000000
268.0000,38.888900,494.820040,1036.932513,0.714360,0.222223,0.000000,0.000000,0.000000
269.0000,38.888899,492.857015,1030.729545,0.714355,0.222223,0.000000,0.000000,0.000000
270.0000,38.888898,490.905733,1024.563684,0.714350,0.222223,0.000000,0.000000,0.000000
271.0000,38.888897,488.966123,1018.434707,0.714346,0.222223,0.000000,0.000000,0.000000
272.0000,38.888897,487.038116,1012.342394,0.714342,0.222223,0.000000,0.000000,0.000000
273.0000,38.888896,485.121642,1006.286525,0.714338,0.222223,0.000000,0.000000,0.000000
274.0000,38.888895,483.216633,1000.266883,0.714334,0.222223,0.000000,0.000000,0.000000
275.0000,38.888895,481.323020,994.283251,0.714331,0.222223,0.000000,0.000000,0.000000
276.0000,38.888894,479.440734,988.335413,0.714328,0.222223,0.000000,0.000000,0.000000
277.0000,38.888894,477.569709,982.423155,0.714325,0.222223,0.000000,0.000000,0.000000
278.0000,38.888893,475.709875,976.546264,0.714323,0.222223,0.000000,0.000000,0.000000
279.0000,38.888893,473.861168,970.704529,0.714320,0.222222,0.000000,0.000000,0.000000
280.0000,38.888893,472.023519,964.897740,0.714318,0.222222,0.000000,0.000000,0.000000
281.0000,38.888892,470.196864,959.125687,0.714316,0.222222,0.000000,0.000000,0.000000
282.0000,38.888892,468.381135,953.388162,0.714314,0.222222,0.000000,0.000000,0.000000
283.0000,38.888892,466.576268,947.684960,0.714312,0.222222,0.000000,0.000000,0.000000
284.0000,38.888892,464.782198,942.015875,0.714310,0.222222,0.000000,0.000000,0.000000
285.0000,38.888891,462.998860,936.380702,0.714308,0.222222,0.000000,0.000000,0.000000
286.0000,38.888891,461.226191,930.779239,0.714307,0.222222,0.000000,0.000000,0.000000
287.0000,38.888891,459.464125,925.211284,0.714305,0.222222,0.000000,0.000000,0.000000
288.0000,38.888891,457.712600,919.676637,0.714304,0.222222,0.000000,0.000000,0.000000
289.0000,38.888891,455.971553,914.175098,0.714303,0.222222,0.000000,0.000000,0.000000
290.0000,38.888890,454.240921,908.706470,0.714302,0.222222,0.000000,0.000000,0.000000
291.0000,38.888890,452.520641,903.270555,0.714301,0.222222,0.000000,0.000000,0.000000
292.0000,38.888890,450.810652,897.867158,0.714300,0.222222,0.000000,0.000000,0.000000
293.0000,38.888890,449.110893,892.496085,0.714299,0.222222,0.000000,0.000000,0.000000
294.0000,38.888890,447.421301,887.157141,0.714298,0.222222,0.000000,0.000000,0.000000
295.0000,38.888890,445.741817,881.850135,0.714297,0.222222,0.000000,0.000000,0.000000
296.0000,38.888890,444.072379,876.574876,0.714296,0.222222,0.000000,0.000000,0.000000
297.0000,38.888890,442.412928,871.331173,0.714295,0.222222,0.000000,0.000000,0.000000
298.0000,38.888890,440.763404,866.118839,0.714295,0.222222,0.000000,0.000000,0.000000
299.0000,38.888890,439.123748,860.937685,0.714294,0.222222,0.000000,0.000000,0.000000
300.0000,38.888890,437.493900,855.787525,0.714294,0.222222,0.000000,0.000000,0.000000
301.0000,38.888889,435.873802,850.668173,0.714293,0.222222,0.000000,0.000000,0.000000
302.0000,38.888889,434.263395,845.579445,0.714293,0.222222,0.000000,0.000000,0.000000
303.0000,38.888889,432.662622,840.521159,0.714292,0.222222,0.000000,0.000000,0.000000
304.0000,38.888889,431.071424,835.493131,0.714292,0.222222,0.000000,0.000000,0.000000
305.0000,38.888889,429.489745,830.495181,0.714291,0.222222,0.000000,0.000000,0.000000
306.0000,38.888889,427.917528,825.527129,0.714291,0.222222,0.000000,0.000000,0.000000
307.0000,38.888889,426.354716,820.588796,0.714291,0.222222,0.000000,0.000000,0.000000
308.0000,38.888889,424.801253,815.680004,0.714290,0.222222,0.000000,0.000000,0.000000
309.0000,38.888889,423.257083,810.800577,0.714290,0.222222,0.000000,0.000000,0.000000
310.0000,38.888889,421.722150,805.950339,0.714290,0.222222,0.000000,0.000000,0.000000
311.0000,38.888889,420.196398,801.129115,0.714289,0.222222,0.000000,0.000000,0.000000
312.0000,38.888889,418.679775,796.336732,0.714289,0.222222,0.000000,0.000000,0.000000
313.0000,38.888889,417.172223,791.573017,0.714289,0.222222,0.000000,0.000000,0.000000
314.0000,38.888889,415.673690,786.837799,0.714289,0.222222,0.000000,0.000000,0.000000
315.0000,38.888889,414.184121,782.130907,0.714288,0.222222,0.000000,0.000000,0.000000
316.0000,38.888889,412.703463,777.452172,0.714288,0.222222,0.000000,0.000000,0.000000
317.0000,38.888889,411.231662,772.801425,0.714288,0.222222,0.000000,0.000000,0.000000
318.0000,38.888889,409.768665,768.178499,0.714288,0.222222,0.000000,0.000000,0.000000
319.0000,38.888889,408.314420,763.583227,0.714288,0.222222,0.000000,0.000000,0.000000
320.0000,38.888889,406.868875,759.015445,0.714288,0.222222,0.000000,0.000000,0.000000
321.0000,38.888889,405.431976,754.474987,0.714288,0.222222,0.000000,0.000000,0.000000
322.0000,38.888889,404.003674,749.961691,0.714287,0.222222,0.000000,0.000000,0.000000
323.0000,38.888889,402.583915,745.475393,0.714287,0.222222,0.000000,0.000000,0.000000
324.0000,38.888889,401.172650,741.015933,0.714287,0.222222,0.000000,0.000000,0.000000
325.0000,38.888889,399.769826,736.583149,0.714287,0.222222,0.000000,0.000000,0.000000
326.0000,38.888889,398.375395,732.176882,0.714287,0.222222,0.000000,0.000000,0.000000
327.0000,38.888889,396.989305,727.796973,0.714287,0.222222,0.000000,0.000000,0.000000
328.0000,38.888889,395.611507,723.443266,0.714287,0.222222,0.000000,0.000000,0.000000
329.0000,38.888889,394.241950,719.115602,0.714287,0.222222,0.000000,0.000000,0.000000
330.0000,38.888889,392.880587,714.813827,0.714287,0.222222,0.000000,0.000000,0.000000
331.0000,38.888889,391.527367,710.537785,0.714287,0.222222,0.000000,0.000000,0.000000
332.0000,38.888889,390.182242,706.287322,0.714287,0.222222,0.000000,0.000000,0.000000
333.0000,38.888889,388.845164,702.062286,0.714286,0.222222,0.000000,0.000000,0.000000
334.0000,38.888889,387.516084,697.862524,0.714286,0.222222,0.000000,0.000000,0.000000
335.0000,38.888889,386.194955,693.687885,0.714286,0.222222,0.000000,0.000000,0.000000
336.0000,38.888889,384.881729,689.538220,0.714286,0.222222,0.000000,0.000000,0.000000
337.0000,38.888889,383.576359,685.413377,0.714286,0.222222,0.000000,0.000000,0.000000
338.0000,38.888889,382.278797,681.313210,0.714286,0.222222,0.000000,0.000000,0.000000
339.0000,38.888889,380.988998,677.237570,0.714286,0.222222,0.000000,0.000000,0.000000
340.0000,38.888889,379.706914,673.186310,0.714286,0.222222,0.000000,0.000000,0.000000
341.0000,38.888889,378.432499,669.159285,0.714286,0.222222,0.000000,0.000000,0.000000
342.0000,38.888889,377.165709,665.156351,0.714286,0.222222,0.000000,0.000000,0.000000
343.0000,38.888889,375.906496,661.177361,0.714286,0.222222,0.000000,0.000000,0.000000
344.0000,38.888889,374.654816,657.222175,0.714286,0.222222,0.000000,0.000000,0.000000
345.0000,38.888889,373.410623,653.290648,0.714286,0.222222,0.000000,0.000000,0.000000
346.0000,38.888889,372.173873,649.382640,0.714286,0.222222,0.000000,0.000000,0.000000
347.0000,38.888889,370.944522,645.498009,0.714286,0.222222,0.000000,0.000000,0.000000
348.0000,38.888889,369.722524,641.636617,0.714286,0.222222,0.000000,0.000000,0.000000
349.0000,38.888889,368.507837,637.798324,0.714286,0.222222,0.000000,0.000000,0.000000
350.0000,38.888889,367.300416,633.982991,0.714286,0.222222,0.000000,0.000000,0.000000
351.0000,38.888889,366.100217,630.190482,0.714286,0.222222,0.000000,0.000000,0.000000
352.0000,38.888889,364.907199,626.420660,0.714286,0.222222,0.000000,0.000000,0.000000
353.0000,38.888889,363.721317,622.673389,0.714286,0.222222,0.000000,0.000000,0.000000
354.0000,38.888889,362.542529,618.948535,0.714286,0.222222,0.000000,0.000000,0.000000
355.0000,38.888889,361.370792,615.245962,0.714286,0.222222,0.000000,0.000000,0.000000
356.0000,38.888889,360.206065,611.565539,0.714286,0.222222,0.000000,0.000000,0.000000
357.0000,38.888889,359.048306,607.907132,0.714286,0.222222,0.000000,0.000000,0.000000
358.0000,38.888889,357.897472,604.270609,0.714286,0.222222,0.000000,0.000000,0.000000
359.0000,38.888889,356.753522,600.655841,0.714286,0.222222,0.000000,0.000000,0.000000
360.0000,38.888889,355.616416,597.062696,0.714286,0.222222,0.000000,0.000000,0.000000
