design,mean_confidence,min_confidence,QTLLALHRSYLTPGD_mean,QTLLALHRSYLTPGD_min,INITRFQTLLALHRS_mean,INITRFQTLLALHRS_min,LPFNDGVYF_mean,LPFNDGVYF_min,RLFRKSNLK_mean,RLFRKSNLK_min,FPNITNLCPF_mean,FPNITNLCPF_min,linker_GPGPG_1_mean,linker_AAY_1_mean,linker_KK_mean
v3_optimized_vozb8_0,0.9413194444444444,0.87,0.9526666666666663,0.94,0.9393333333333332,0.92,0.9266666666666666,0.9,0.9533333333333334,0.94,0.9399999999999998,0.93,0.954,0.9433333333333334,0.905
v3_optimized_vozb8_1,0.9424305555555554,0.9,0.9499999999999997,0.93,0.9446666666666664,0.93,0.9455555555555555,0.94,0.941111111111111,0.94,0.933,0.92,0.96,0.9499999999999998,0.94
v3_optimized_vozb8_10,0.9395833333333332,0.89,0.9326666666666666,0.91,0.9379999999999998,0.92,0.9333333333333333,0.92,0.958888888888889,0.94,0.9369999999999999,0.92,0.9560000000000001,0.94,0.92
v3_optimized_vozb8_11,0.9324305555555554,0.88,0.926,0.9,0.9413333333333331,0.93,0.9366666666666666,0.93,0.9266666666666666,0.91,0.9369999999999999,0.92,0.9259999999999999,0.9433333333333334,0.925
v3_optimized_vozb8_12,0.9375,0.9,0.947333333333333,0.93,0.9386666666666664,0.93,0.9433333333333331,0.94,0.9388888888888888,0.93,0.9349999999999999,0.93,0.9480000000000001,0.94,0.935
v3_optimized_vozb8_13,0.9477777777777777,0.88,0.9433333333333331,0.92,0.9646666666666665,0.94,0.9311111111111112,0.92,0.9466666666666667,0.94,0.9369999999999999,0.92,0.9199999999999999,0.94,0.915
v3_optimized_vozb8_14,0.9462499999999999,0.86,0.9499999999999998,0.94,0.9366666666666664,0.92,0.9311111111111112,0.92,0.9555555555555555,0.93,0.9409999999999998,0.93,0.95,0.9433333333333334,0.93
v3_optimized_vozb8_15,0.9356249999999999,0.88,0.9419999999999998,0.93,0.9393333333333331,0.92,0.9344444444444444,0.93,0.9422222222222223,0.93,0.93,0.92,0.9480000000000001,0.94,0.92
v3_optimized_vozb8_2,0.9437499999999999,0.84,0.9539999999999998,0.91,0.9419999999999997,0.93,0.9388888888888888,0.93,0.9377777777777777,0.93,0.9339999999999999,0.93,0.968,0.9499999999999998,0.94
v3_optimized_vozb8_3,0.9339583333333334,0.87,0.9333333333333333,0.9,0.9306666666666666,0.92,0.9366666666666666,0.93,0.9422222222222221,0.94,0.933,0.92,0.974,0.94,0.935
v3_optimized_vozb8_4,0.9337499999999999,0.9,0.9333333333333332,0.91,0.941333333333333,0.92,0.9344444444444444,0.93,0.94,0.92,0.938,0.92,0.9280000000000002,0.94,0.945
v3_optimized_vozb8_5,0.9356944444444445,0.88,0.9526666666666664,0.92,0.9359999999999998,0.92,0.9344444444444444,0.92,0.9355555555555556,0.93,0.9349999999999999,0.92,0.968,0.94,0.91
v3_optimized_vozb8_6,0.9393749999999998,0.88,0.9273333333333332,0.91,0.9373333333333331,0.91,0.9422222222222221,0.94,0.9444444444444444,0.93,0.9179999999999999,0.9,0.922,0.94,0.91
v3_optimized_vozb8_7,0.9379166666666667,0.86,0.9426666666666665,0.93,0.9459999999999997,0.93,0.9377777777777777,0.93,0.9433333333333331,0.94,0.9339999999999999,0.92,0.93,0.9466666666666667,0.925
v3_optimized_vozb8_8,0.9321527777777779,0.85,0.9226666666666666,0.85,0.9406666666666665,0.92,0.94,0.93,0.9466666666666667,0.94,0.933,0.92,0.9359999999999999,0.94,0.935
v3_optimized_vozb8_9,0.9341666666666666,0.88,0.9413333333333332,0.91,0.9399999999999997,0.93,0.9366666666666666,0.93,0.9322222222222223,0.92,0.923,0.91,0.958,0.93,0.92
